t_s,swap_used_mb,swap_delta_mb,compressor_mb,swapins,swapouts,swapouts_delta,filebacked_mb,anonymous_mb,child_footprint_mb,child_peak_footprint_mb
0.0,574.6,0.0,304.1,1072370,2232455,0,1434.5,1673.8,14.0,14.0
0.6,574.6,0.0,304.1,1072374,2232455,0,1484.7,1755.0,80.0,80.0
1.3,574.6,0.0,304.7,1072446,2232455,0,1563.8,1852.2,178.0,178.0
1.9,574.6,0.0,304.7,1072450,2232455,0,3235.9,1909.9,3968.0,3968.0
2.9,574.6,0.0,309.4,1072454,2232455,0,6357.0,1534.8,9250.0,9250.0
3.9,574.6,0.0,615.0,1072503,2232455,0,1532.2,563.1,13326.0,13326.0
4.6,574.6,0.0,563.2,1072506,2232455,0,1451.4,689.2,13326.0,13326.0
5.4,574.6,0.0,565.2,1072506,2232455,0,1448.7,701.3,13326.0,13326.0
6.2,574.6,0.0,564.7,1072506,2232455,0,1444.0,724.3,13326.0,13326.0
7.3,566.5,-8.1,725.5,1072870,2232455,0,312.5,222.2,14350.0,14350.0
8.2,566.5,-8.1,740.0,1073056,2232455,0,310.9,220.0,14350.0,14350.0
9.3,717.8,143.2,595.4,1073072,2242135,9680,174.0,152.9,15374.0,15374.0
10.3,845.6,271.0,468.8,1073972,2251339,18884,138.9,173.1,15374.0,15374.0
11.2,856.2,281.6,449.6,1074119,2252019,19564,130.9,218.0,15374.0,15374.0
12.2,848.2,273.6,424.2,1074375,2252019,19564,183.2,308.9,15374.0,15374.0
13.1,860.0,285.4,424.2,1074395,2252775,20320,174.7,239.5,15374.0,15374.0
14.0,867.9,293.3,409.4,1074862,2253279,20824,196.3,217.7,15374.0,15374.0
14.8,866.8,292.2,407.8,1074930,2253723,21268,148.7,244.6,15374.0,15374.0
15.6,862.8,288.2,411.8,1075524,2253975,21520,183.3,203.8,15374.0,15374.0
16.4,870.7,296.1,372.3,1075620,2254483,22028,163.0,293.5,15374.0,15374.0
17.3,870.7,296.1,392.2,1075690,2254483,22028,198.1,255.5,15374.0,15374.0
18.2,880.8,306.2,426.7,1075817,2255127,22672,172.4,152.8,15374.0,15374.0
19.0,882.3,307.8,432.8,1075857,2255227,22772,145.5,133.4,15374.0,15374.0
19.8,874.3,299.8,419.7,1075961,2255227,22772,171.9,172.6,15374.0,15374.0
20.7,874.3,299.8,423.0,1076077,2255227,22772,154.3,186.1,15374.0,15374.0
21.5,874.3,299.8,382.7,1076109,2255227,22772,165.8,258.5,15374.0,15374.0
22.4,869.8,295.2,363.2,1076505,2255447,22992,209.6,323.1,15374.0,15374.0
23.2,884.1,309.6,417.9,1076545,2256367,23912,170.2,166.2,15374.0,15374.0
24.0,884.1,309.6,413.6,1076585,2256367,23912,166.5,180.4,15374.0,15374.0
24.9,884.1,309.6,432.3,1076912,2256367,23912,157.0,145.1,15374.0,15374.0
25.7,884.1,309.6,415.4,1076944,2256367,23912,174.6,169.2,15374.0,15374.0
26.6,884.9,310.4,384.7,1076980,2256419,23964,165.3,288.1,15374.0,15374.0
27.4,876.9,302.4,381.9,1077119,2256419,23964,167.9,261.0,15374.0,15374.0
28.3,882.4,307.9,370.2,1077171,2256771,24316,196.1,309.3,15374.0,15374.0
29.1,885.2,310.6,409.9,1077215,2256947,24492,169.9,201.4,15374.0,15374.0
30.1,886.2,311.6,425.9,1077352,2257011,24556,167.0,159.5,15374.0,15374.0
30.9,886.2,311.6,434.2,1077460,2257011,24556,149.6,160.3,15374.0,15374.0
31.7,878.2,303.6,401.6,1077523,2257011,24556,145.7,218.1,15374.0,15374.0
32.6,882.3,307.8,405.8,1077814,2257275,24820,172.2,212.1,15374.0,15374.0
33.5,882.3,307.8,409.7,1077986,2257275,24820,152.5,249.1,15374.0,15374.0
34.5,866.3,291.8,415.7,1078912,2257275,24820,152.6,232.2,15374.0,15374.0
35.4,870.5,295.9,408.5,1079212,2258055,25600,174.4,243.0,15374.0,15374.0
36.2,833.9,259.4,440.9,1081727,2258275,25820,232.6,312.8,15374.0,15374.0
37.1,878.0,303.4,437.9,1081926,2261095,28640,153.7,161.8,15374.0,15374.0
38.2,869.7,295.1,446.3,1083060,2261587,29132,151.8,197.5,15374.0,15374.0
39.2,874.1,299.5,437.1,1083973,2262891,30436,178.1,214.2,15374.0,15374.0
40.2,872.9,298.3,439.9,1084315,2263327,30872,174.9,197.4,15374.0,15374.0
41.3,883.4,308.9,426.2,1084588,2264003,31548,202.0,219.2,15374.0,15374.0
42.2,900.9,326.3,410.2,1085193,2265631,33176,181.3,241.5,15374.0,15374.0
43.3,886.3,311.8,426.1,1085845,2265723,33268,178.9,210.6,15374.0,15374.0
44.3,871.4,296.8,431.1,1086362,2265791,33336,201.3,215.4,15374.0,15374.0
45.2,871.4,296.8,431.9,1086614,2265791,33336,192.9,220.0,15374.0,15374.0
46.2,863.4,288.8,459.2,1086934,2265791,33336,207.6,179.2,15374.0,15374.0
47.2,877.8,303.2,447.0,1087077,2266715,34260,171.6,200.6,15374.0,15374.0
48.3,869.8,295.2,438.5,1087312,2266715,34260,179.1,218.4,15374.0,15374.0
49.3,869.8,295.2,443.3,1087676,2266715,34260,180.0,213.8,15374.0,15374.0
50.2,871.9,297.3,450.2,1087720,2266847,34392,175.9,201.3,15374.0,15374.0
51.1,871.2,296.7,444.5,1087956,2267319,34864,166.2,202.1,15374.0,15374.0
52.2,885.9,311.3,435.9,1088128,2268255,35800,156.0,194.7,15374.0,15374.0
53.1,887.4,312.9,436.4,1088303,2268355,35900,182.0,186.3,15374.0,15374.0
54.1,883.2,308.7,442.8,1088813,2268599,36144,156.3,206.5,15374.0,15374.0
55.3,875.2,300.7,446.6,1088868,2268599,36144,193.8,210.5,15374.0,15374.0
56.2,883.8,309.2,426.9,1088971,2269143,36688,216.4,235.1,15374.0,15374.0
57.2,875.8,301.2,441.3,1089503,2269143,36688,162.8,219.4,15374.0,15374.0
58.2,875.8,301.2,439.6,1089694,2269143,36688,208.1,220.4,15374.0,15374.0
59.2,867.8,293.2,443.1,1090149,2269143,36688,182.0,214.7,15374.0,15374.0
60.2,876.7,302.1,437.6,1090184,2269715,37260,209.4,224.0,15374.0,15374.0
61.0,880.5,305.9,445.3,1090200,2269959,37504,181.7,185.0,15374.0,15374.0
62.0,877.6,303.0,433.7,1090488,2270283,37828,147.8,212.7,15374.0,15374.0
62.9,869.6,295.0,443.9,1091075,2270283,37828,149.7,215.8,15374.0,15374.0
63.9,861.6,287.0,445.7,1091424,2270283,37828,123.2,210.9,15374.0,15374.0
65.0,856.1,281.5,483.0,1092684,2270955,38500,171.7,205.6,15374.0,15374.0
66.1,866.4,291.9,472.9,1092906,2271619,39164,140.2,177.3,15374.0,15374.0
67.0,870.5,295.9,469.2,1093097,2272391,39936,172.4,258.6,15374.0,15374.0
68.0,881.2,306.6,458.4,1093211,2273075,40620,185.9,213.1,15374.0,15374.0
69.0,890.9,316.4,464.1,1093448,2273699,41244,181.0,135.1,15374.0,15374.0
69.9,885.2,310.7,450.7,1094228,2274359,41904,153.6,190.1,15374.0,15374.0
70.8,877.2,302.7,390.3,1094518,2274359,41904,201.7,300.5,15374.0,15374.0
71.7,881.2,306.7,393.9,1094630,2274615,42160,203.2,263.3,15374.0,15374.0
72.7,890.1,315.6,398.1,1094940,2275183,42728,212.1,224.9,14350.0,15374.0
73.8,893.0,318.4,407.5,1095145,2275879,43424,142.9,172.3,15374.0,15374.0
74.8,913.4,338.9,365.6,1095319,2277187,44732,193.1,220.7,15374.0,15374.0
75.8,913.4,338.9,370.8,1095425,2277187,44732,164.4,209.9,15374.0,15374.0
77.2,905.4,330.9,397.4,1095519,2277187,44732,154.2,165.8,15374.0,15374.0
78.5,918.3,343.8,391.6,1096352,2278523,46068,140.5,168.3,15374.0,15374.0
79.4,910.3,335.8,324.8,1096575,2278523,46068,211.2,332.3,15374.0,15374.0
80.5,910.3,335.8,326.8,1096901,2278523,46068,343.9,337.3,15374.0,15374.0
81.6,902.3,327.8,305.8,1097250,2278523,46068,335.1,413.6,15374.0,15374.0
82.5,878.3,303.8,343.7,1098730,2278523,46068,328.3,390.3,15374.0,15374.0
83.4,838.3,263.8,358.1,1101272,2278523,46068,344.1,462.4,15374.0,15374.0
84.4,830.3,255.8,417.0,1101907,2278523,46068,282.7,402.1,15374.0,15374.0
85.5,790.3,215.8,485.9,1104733,2278523,46068,240.6,347.3,15374.0,15374.0
86.4,774.3,199.8,480.2,1105244,2278523,46068,234.7,360.6,15374.0,15374.0
87.7,636.7,62.1,535.4,1108550,2278523,46068,231.2,310.6,15374.0,15374.0
89.2,572.1,-2.5,540.0,1109966,2278615,46160,292.9,322.5,15374.0,15374.0
90.4,581.6,7.1,571.4,1110233,2279227,46772,273.2,283.7,15374.0,15374.0
91.4,573.6,-0.9,566.4,1110548,2279227,46772,224.8,307.4,15374.0,15374.0
92.5,584.2,9.6,548.2,1110636,2279903,47448,246.3,309.9,15374.0,15374.0
93.5,580.7,6.1,536.8,1111109,2280191,47736,260.0,350.9,15374.0,15374.0
94.7,572.7,-1.9,558.4,1111308,2280191,47736,213.5,335.3,15374.0,15374.0
95.9,590.5,15.9,576.2,1111910,2281843,49388,173.3,231.6,15374.0,15374.0
97.4,624.8,50.2,552.6,1112239,2284039,51584,188.0,252.3,15374.0,15374.0
98.6,610.1,35.5,596.2,1114625,2285655,53200,211.0,186.7,15374.0,15374.0
99.7,604.1,29.5,556.9,1116355,2287319,54864,193.9,322.8,15374.0,15374.0
101.2,645.6,71.0,570.3,1117133,2290487,58032,166.5,191.4,15374.0,15374.0
102.8,644.9,70.4,516.2,1117871,2290959,58504,249.5,323.2,15374.0,15374.0
104.1,643.2,68.6,517.0,1118517,2291871,59416,271.4,331.8,15374.0,15374.0
105.4,666.9,92.4,489.1,1118823,2293391,60936,233.9,301.9,15374.0,15374.0
106.8,650.9,76.3,505.5,1119506,2293391,60936,188.8,281.6,15374.0,15374.0
107.7,643.9,69.4,515.3,1120118,2293459,61004,216.9,330.2,15374.0,15374.0
108.8,653.3,78.8,548.6,1120230,2294059,61604,238.5,203.5,15374.0,15374.0
110.1,668.9,94.4,514.2,1120762,2295571,63116,239.5,271.8,15374.0,15374.0
111.7,673.0,98.4,510.2,1121003,2296343,63888,260.9,290.4,15374.0,15374.0
113.4,682.6,108.1,525.5,1121369,2296959,64504,187.2,239.9,15374.0,15374.0
114.9,674.6,100.1,514.0,1121641,2296959,64504,244.3,292.7,15374.0,15374.0
116.1,696.6,122.0,476.6,1122042,2298875,66420,216.3,346.8,15374.0,15374.0
117.2,696.7,122.1,489.8,1122721,2299395,66940,201.0,347.5,15374.0,15374.0
118.4,708.1,133.5,523.9,1122883,2300123,67668,190.8,183.9,15374.0,15374.0
119.6,700.1,125.5,521.9,1123404,2300123,67668,206.9,225.4,15374.0,15374.0
120.6,702.7,128.1,460.9,1123560,2300803,68348,238.7,346.1,15374.0,15374.0
121.5,707.4,132.8,480.0,1123746,2301103,68648,329.1,316.2,15374.0,15374.0
122.4,643.4,68.8,540.3,1127897,2301103,68648,227.4,342.8,15374.0,15374.0
